INSERT INTO `system_menu`(`object_id`, `is_deleted`, `revision`, `created_by`, `created_time`, `updated_by`, `updated_time`, `name`, `path`, `parent_id`) VALUES ('1', '0', NULL, NULL, NULL, NULL, NULL, '主页', 'root', '-1');
INSERT INTO `system_menu`(`object_id`, `is_deleted`, `revision`, `created_by`, `created_time`, `updated_by`, `updated_time`, `name`, `path`, `parent_id`) VALUES ('1000', '0', NULL, NULL, NULL, NULL, NULL, '后台', 'system', '1');
INSERT INTO `system_menu`(`object_id`, `is_deleted`, `revision`, `created_by`, `created_time`, `updated_by`, `updated_time`, `name`, `path`, `parent_id`) VALUES ('1100', '0', NULL, NULL, NULL, NULL, NULL, '用户管理', 'user', '1000');
INSERT INTO `system_menu`(`object_id`, `is_deleted`, `revision`, `created_by`, `created_time`, `updated_by`, `updated_time`, `name`, `path`, `parent_id`) VALUES ('1110', '0', NULL, NULL, NULL, NULL, NULL, '用户增删改查', 'userManagement', '1100');
INSERT INTO `system_menu`(`object_id`, `is_deleted`, `revision`, `created_by`, `created_time`, `updated_by`, `updated_time`, `name`, `path`, `parent_id`) VALUES ('1200', '0', NULL, NULL, NULL, NULL, NULL, '角色管理', 'role', '1000');
INSERT INTO `system_menu`(`object_id`, `is_deleted`, `revision`, `created_by`, `created_time`, `updated_by`, `updated_time`, `name`, `path`, `parent_id`) VALUES ('1210', '0', NULL, NULL, NULL, NULL, NULL, '角色增删改查', 'roleManagement', '1200');
INSERT INTO `system_menu`(`object_id`, `is_deleted`, `revision`, `created_by`, `created_time`, `updated_by`, `updated_time`, `name`, `path`, `parent_id`) VALUES ('1220', '0', NULL, NULL, NULL, NULL, NULL, '用户赋予角色', 'userRoles', '1200');
INSERT INTO `system_menu`(`object_id`, `is_deleted`, `revision`, `created_by`, `created_time`, `updated_by`, `updated_time`, `name`, `path`, `parent_id`) VALUES ('1300', '0', NULL, NULL, NULL, NULL, NULL, '权限管理', 'permission', '1000');
INSERT INTO `system_menu`(`object_id`, `is_deleted`, `revision`, `created_by`, `created_time`, `updated_by`, `updated_time`, `name`, `path`, `parent_id`) VALUES ('1310', '0', NULL, NULL, NULL, NULL, NULL, '权限增删改查', 'permissionManagement', '1300');
INSERT INTO `system_menu`(`object_id`, `is_deleted`, `revision`, `created_by`, `created_time`, `updated_by`, `updated_time`, `name`, `path`, `parent_id`) VALUES ('1320', '0', NULL, NULL, NULL, NULL, NULL, '角色赋予权限', 'rolePermissions', '1300');
INSERT INTO `system_menu`(`object_id`, `is_deleted`, `revision`, `created_by`, `created_time`, `updated_by`, `updated_time`, `name`, `path`, `parent_id`) VALUES ('1400', '0', NULL, NULL, NULL, NULL, NULL, '菜单管理', 'menu', '1000');
INSERT INTO `system_menu`(`object_id`, `is_deleted`, `revision`, `created_by`, `created_time`, `updated_by`, `updated_time`, `name`, `path`, `parent_id`) VALUES ('1410', '0', NULL, NULL, NULL, NULL, NULL, '菜单增删改查', 'menuManagement', '1400');
INSERT INTO `system_menu`(`object_id`, `is_deleted`, `revision`, `created_by`, `created_time`, `updated_by`, `updated_time`, `name`, `path`, `parent_id`) VALUES ('1420', '0', NULL, NULL, NULL, NULL, NULL, '角色赋予菜单', 'roleMenus', '1400');
INSERT INTO `system_menu`(`object_id`, `is_deleted`, `revision`, `created_by`, `created_time`, `updated_by`, `updated_time`, `name`, `path`, `parent_id`) VALUES ('1500', '0', NULL, NULL, NULL, NULL, NULL, '仓库管理', 'warehouse', '1000');
INSERT INTO `system_menu`(`object_id`, `is_deleted`, `revision`, `created_by`, `created_time`, `updated_by`, `updated_time`, `name`, `path`, `parent_id`) VALUES ('1510', '0', NULL, NULL, NULL, NULL, NULL, '仓库增删改查', 'warehouseManagement', '1500');
INSERT INTO `system_menu`(`object_id`, `is_deleted`, `revision`, `created_by`, `created_time`, `updated_by`, `updated_time`, `name`, `path`, `parent_id`) VALUES ('1600', '0', NULL, NULL, NULL, NULL, NULL, '商品管理', 'goods', '1000');
INSERT INTO `system_menu`(`object_id`, `is_deleted`, `revision`, `created_by`, `created_time`, `updated_by`, `updated_time`, `name`, `path`, `parent_id`) VALUES ('1610', '0', NULL, NULL, NULL, NULL, NULL, '商品增删改查', 'goodsManagement', '1600');
INSERT INTO `system_menu`(`object_id`, `is_deleted`, `revision`, `created_by`, `created_time`, `updated_by`, `updated_time`, `name`, `path`, `parent_id`) VALUES ('1700', '0', NULL, NULL, NULL, NULL, NULL, '订单管理', 'order', '1000');
INSERT INTO `system_menu`(`object_id`, `is_deleted`, `revision`, `created_by`, `created_time`, `updated_by`, `updated_time`, `name`, `path`, `parent_id`) VALUES ('1710', '0', NULL, NULL, NULL, NULL, NULL, '订单增删改查', 'orderManagement', '1700');
INSERT INTO `system_menu`(`object_id`, `is_deleted`, `revision`, `created_by`, `created_time`, `updated_by`, `updated_time`, `name`, `path`, `parent_id`) VALUES ('1800', '0', NULL, NULL, NULL, NULL, NULL, '支付管理', 'payment', '1000');
INSERT INTO `system_menu`(`object_id`, `is_deleted`, `revision`, `created_by`, `created_time`, `updated_by`, `updated_time`, `name`, `path`, `parent_id`) VALUES ('1810', '0', NULL, NULL, NULL, NULL, NULL, '支付增删改查', 'paymentManagement', '1800');
INSERT INTO `system_menu`(`object_id`, `is_deleted`, `revision`, `created_by`, `created_time`, `updated_by`, `updated_time`, `name`, `path`, `parent_id`) VALUES ('2000', '0', NULL, NULL, NULL, NULL, NULL, '普通', 'custom', '1');
INSERT INTO `system_menu`(`object_id`, `is_deleted`, `revision`, `created_by`, `created_time`, `updated_by`, `updated_time`, `name`, `path`, `parent_id`) VALUES ('2100', '0', NULL, NULL, NULL, NULL, NULL, '查看商品', 'getGoods', '2000');
INSERT INTO `system_menu`(`object_id`, `is_deleted`, `revision`, `created_by`, `created_time`, `updated_by`, `updated_time`, `name`, `path`, `parent_id`) VALUES ('2200', '0', NULL, NULL, NULL, NULL, NULL, '管理个人信息', 'personalManagement', '2000');

INSERT INTO `system_permission`(`object_id`, `is_deleted`, `revision`, `created_by`, `created_time`, `updated_by`, `updated_time`, `name`, `description`) VALUES ('01', '0', NULL, NULL, NULL, NULL, NULL, '/user/getUserByPage', '可以查询用户');
INSERT INTO `system_permission`(`object_id`, `is_deleted`, `revision`, `created_by`, `created_time`, `updated_by`, `updated_time`, `name`, `description`) VALUES ('02', '0', NULL, NULL, NULL, NULL, NULL, '/user/update', '可以更改用户信息');
INSERT INTO `system_permission`(`object_id`, `is_deleted`, `revision`, `created_by`, `created_time`, `updated_by`, `updated_time`, `name`, `description`) VALUES ('03', '0', NULL, NULL, NULL, NULL, NULL, '/user/create', '可以创建用户');
INSERT INTO `system_permission`(`object_id`, `is_deleted`, `revision`, `created_by`, `created_time`, `updated_by`, `updated_time`, `name`, `description`) VALUES ('04', '0', NULL, NULL, NULL, NULL, NULL, '/user/delete', '可以删除用户');
INSERT INTO `system_permission`(`object_id`, `is_deleted`, `revision`, `created_by`, `created_time`, `updated_by`, `updated_time`, `name`, `description`) VALUES ('05', '0', NULL, NULL, NULL, NULL, NULL, '/role/getRoleById', '可以查询角色');
INSERT INTO `system_permission`(`object_id`, `is_deleted`, `revision`, `created_by`, `created_time`, `updated_by`, `updated_time`, `name`, `description`) VALUES ('06', '0', NULL, NULL, NULL, NULL, NULL, '/role/create', '可以创建角色');
INSERT INTO `system_permission`(`object_id`, `is_deleted`, `revision`, `created_by`, `created_time`, `updated_by`, `updated_time`, `name`, `description`) VALUES ('07', '0', NULL, NULL, NULL, NULL, NULL, '/role/update', '可以更新角色');
INSERT INTO `system_permission`(`object_id`, `is_deleted`, `revision`, `created_by`, `created_time`, `updated_by`, `updated_time`, `name`, `description`) VALUES ('08', '0', NULL, NULL, NULL, NULL, NULL, '/role/delete', '可以删除角色');
INSERT INTO `system_permission`(`object_id`, `is_deleted`, `revision`, `created_by`, `created_time`, `updated_by`, `updated_time`, `name`, `description`) VALUES ('09', '0', NULL, NULL, NULL, NULL, NULL, '/role/userRoles', '可以授予用户角色');
INSERT INTO `system_permission`(`object_id`, `is_deleted`, `revision`, `created_by`, `created_time`, `updated_by`, `updated_time`, `name`, `description`) VALUES ('10', '0', NULL, NULL, NULL, NULL, NULL, '/permission/getPermissionByPage', '可以查询权限信息');
INSERT INTO `system_permission`(`object_id`, `is_deleted`, `revision`, `created_by`, `created_time`, `updated_by`, `updated_time`, `name`, `description`) VALUES ('11', '0', NULL, NULL, NULL, NULL, NULL, '/permission/create', '可以创建权限');
INSERT INTO `system_permission`(`object_id`, `is_deleted`, `revision`, `created_by`, `created_time`, `updated_by`, `updated_time`, `name`, `description`) VALUES ('12', '0', NULL, NULL, NULL, NULL, NULL, '/permission/update', '可以更新权限');
INSERT INTO `system_permission`(`object_id`, `is_deleted`, `revision`, `created_by`, `created_time`, `updated_by`, `updated_time`, `name`, `description`) VALUES ('13', '0', NULL, NULL, NULL, NULL, NULL, '/permission/delete', '可以删除权限');
INSERT INTO `system_permission`(`object_id`, `is_deleted`, `revision`, `created_by`, `created_time`, `updated_by`, `updated_time`, `name`, `description`) VALUES ('14', '0', NULL, NULL, NULL, NULL, NULL, '/permission/rolePermissions', '可以授予角色权限');
INSERT INTO `system_permission`(`object_id`, `is_deleted`, `revision`, `created_by`, `created_time`, `updated_by`, `updated_time`, `name`, `description`) VALUES ('15', '0', NULL, NULL, NULL, NULL, NULL, '/menu/getMenuByPage', '可以查询菜单');
INSERT INTO `system_permission`(`object_id`, `is_deleted`, `revision`, `created_by`, `created_time`, `updated_by`, `updated_time`, `name`, `description`) VALUES ('16', '0', NULL, NULL, NULL, NULL, NULL, '/menu/create', '可以创建菜单');
INSERT INTO `system_permission`(`object_id`, `is_deleted`, `revision`, `created_by`, `created_time`, `updated_by`, `updated_time`, `name`, `description`) VALUES ('17', '0', NULL, NULL, NULL, NULL, NULL, '/menu/updaate', '可以更新菜单');
INSERT INTO `system_permission`(`object_id`, `is_deleted`, `revision`, `created_by`, `created_time`, `updated_by`, `updated_time`, `name`, `description`) VALUES ('18', '0', NULL, NULL, NULL, NULL, NULL, '/menu/delete', '可以删除菜单');
INSERT INTO `system_permission`(`object_id`, `is_deleted`, `revision`, `created_by`, `created_time`, `updated_by`, `updated_time`, `name`, `description`) VALUES ('19', '0', NULL, NULL, NULL, NULL, NULL, '/role/menus', '可以授予角色菜单');
INSERT INTO `system_permission`(`object_id`, `is_deleted`, `revision`, `created_by`, `created_time`, `updated_by`, `updated_time`, `name`, `description`) VALUES ('20', '0', NULL, NULL, NULL, NULL, NULL, '/warehouse/getWarehouseByPage', '可以对仓库进行查询');
INSERT INTO `system_permission`(`object_id`, `is_deleted`, `revision`, `created_by`, `created_time`, `updated_by`, `updated_time`, `name`, `description`) VALUES ('21', '0', NULL, NULL, NULL, NULL, NULL, '/warehouse/create', '可以创建仓库');
INSERT INTO `system_permission`(`object_id`, `is_deleted`, `revision`, `created_by`, `created_time`, `updated_by`, `updated_time`, `name`, `description`) VALUES ('22', '0', NULL, NULL, NULL, NULL, NULL, '/warehouse/update', '可以更新仓库');
INSERT INTO `system_permission`(`object_id`, `is_deleted`, `revision`, `created_by`, `created_time`, `updated_by`, `updated_time`, `name`, `description`) VALUES ('23', '0', NULL, NULL, NULL, NULL, NULL, '/warehouse/delete', '可以删除仓库');
INSERT INTO `system_permission`(`object_id`, `is_deleted`, `revision`, `created_by`, `created_time`, `updated_by`, `updated_time`, `name`, `description`) VALUES ('24', '0', NULL, NULL, NULL, NULL, NULL, '/goods/getGoodsByPage', '可以查询商品');
INSERT INTO `system_permission`(`object_id`, `is_deleted`, `revision`, `created_by`, `created_time`, `updated_by`, `updated_time`, `name`, `description`) VALUES ('25', '0', NULL, NULL, NULL, NULL, NULL, '/goods/create', '可以创建商品');
INSERT INTO `system_permission`(`object_id`, `is_deleted`, `revision`, `created_by`, `created_time`, `updated_by`, `updated_time`, `name`, `description`) VALUES ('26', '0', NULL, NULL, NULL, NULL, NULL, '/goods/update', '可以更新商品');
INSERT INTO `system_permission`(`object_id`, `is_deleted`, `revision`, `created_by`, `created_time`, `updated_by`, `updated_time`, `name`, `description`) VALUES ('27', '0', NULL, NULL, NULL, NULL, NULL, '/goods/delete', '可以删除商品');
INSERT INTO `system_permission`(`object_id`, `is_deleted`, `revision`, `created_by`, `created_time`, `updated_by`, `updated_time`, `name`, `description`) VALUES ('28', '0', NULL, NULL, NULL, NULL, NULL, '/order/getOrderByPage', '可以查询订单');
INSERT INTO `system_permission`(`object_id`, `is_deleted`, `revision`, `created_by`, `created_time`, `updated_by`, `updated_time`, `name`, `description`) VALUES ('29', '0', NULL, NULL, NULL, NULL, NULL, '/order/create', '可以创建订单');
INSERT INTO `system_permission`(`object_id`, `is_deleted`, `revision`, `created_by`, `created_time`, `updated_by`, `updated_time`, `name`, `description`) VALUES ('30', '0', NULL, NULL, NULL, NULL, NULL, '/order/update', '可以更新订单');
INSERT INTO `system_permission`(`object_id`, `is_deleted`, `revision`, `created_by`, `created_time`, `updated_by`, `updated_time`, `name`, `description`) VALUES ('31', '0', NULL, NULL, NULL, NULL, NULL, '/order/delete', '可以删除订单');
INSERT INTO `system_permission`(`object_id`, `is_deleted`, `revision`, `created_by`, `created_time`, `updated_by`, `updated_time`, `name`, `description`) VALUES ('32', '0', NULL, NULL, NULL, NULL, NULL, '/personal', '可以管理个人信息');
INSERT INTO `system_permission`(`object_id`, `is_deleted`, `revision`, `created_by`, `created_time`, `updated_by`, `updated_time`, `name`, `description`) VALUES ('33', '0', NULL, NULL, NULL, NULL, NULL, '/backend', '可以对后台进行管理');
INSERT INTO `system_permission`(`object_id`, `is_deleted`, `revision`, `created_by`, `created_time`, `updated_by`, `updated_time`, `name`, `description`) VALUES ('34', '0', NULL, NULL, NULL, NULL, NULL, '/normal', '可以调用普通接口');
INSERT INTO `system_permission`(`object_id`, `is_deleted`, `revision`, `created_by`, `created_time`, `updated_by`, `updated_time`, `name`, `description`) VALUES ('35', '0', NULL, NULL, NULL, NULL, NULL, '/user', '可以使用用户管理');
INSERT INTO `system_permission`(`object_id`, `is_deleted`, `revision`, `created_by`, `created_time`, `updated_by`, `updated_time`, `name`, `description`) VALUES ('36', '0', NULL, NULL, NULL, NULL, NULL, '/role', '可以使用角色管理');
INSERT INTO `system_permission`(`object_id`, `is_deleted`, `revision`, `created_by`, `created_time`, `updated_by`, `updated_time`, `name`, `description`) VALUES ('37', '0', NULL, NULL, NULL, NULL, NULL, '/permission', '可以使用权限管理');
INSERT INTO `system_permission`(`object_id`, `is_deleted`, `revision`, `created_by`, `created_time`, `updated_by`, `updated_time`, `name`, `description`) VALUES ('38', '0', NULL, NULL, NULL, NULL, NULL, '/menu', '可以使用菜单管理');
INSERT INTO `system_permission`(`object_id`, `is_deleted`, `revision`, `created_by`, `created_time`, `updated_by`, `updated_time`, `name`, `description`) VALUES ('39', '0', NULL, NULL, NULL, NULL, NULL, '/warehouse', '可以使用仓库管理');
INSERT INTO `system_permission`(`object_id`, `is_deleted`, `revision`, `created_by`, `created_time`, `updated_by`, `updated_time`, `name`, `description`) VALUES ('40', '0', NULL, NULL, NULL, NULL, NULL, '/goods', '可以使用商品管理');
INSERT INTO `system_permission`(`object_id`, `is_deleted`, `revision`, `created_by`, `created_time`, `updated_by`, `updated_time`, `name`, `description`) VALUES ('41', '0', NULL, NULL, NULL, NULL, NULL, '/order', '可以使用订单管理');
INSERT INTO `system_permission`(`object_id`, `is_deleted`, `revision`, `created_by`, `created_time`, `updated_by`, `updated_time`, `name`, `description`) VALUES ('42', '0', NULL, NULL, NULL, NULL, NULL, '/payment', '可以使用支付管理');
INSERT INTO `system_permission`(`object_id`, `is_deleted`, `revision`, `created_by`, `created_time`, `updated_by`, `updated_time`, `name`, `description`) VALUES ('43', '0', NULL, NULL, NULL, NULL, NULL, '/payment/create', '可以创建支付条目');
INSERT INTO `system_permission`(`object_id`, `is_deleted`, `revision`, `created_by`, `created_time`, `updated_by`, `updated_time`, `name`, `description`) VALUES ('44', '0', NULL, NULL, NULL, NULL, NULL, '/payment/update', '可以更新支付条目');
INSERT INTO `system_permission`(`object_id`, `is_deleted`, `revision`, `created_by`, `created_time`, `updated_by`, `updated_time`, `name`, `description`) VALUES ('45', '0', NULL, NULL, NULL, NULL, NULL, '/payment/getPaymentByPage', '可以查询支付条目');
INSERT INTO `system_permission`(`object_id`, `is_deleted`, `revision`, `created_by`, `created_time`, `updated_by`, `updated_time`, `name`, `description`) VALUES ('46', '0', NULL, NULL, NULL, NULL, NULL, '/payment/delete', '可以删除支付条目');
INSERT INTO `system_permission`(`object_id`, `is_deleted`, `revision`, `created_by`, `created_time`, `updated_by`, `updated_time`, `name`, `description`) VALUES ('47', '0', NULL, NULL, NULL, NULL, NULL, NULL, NULL);
INSERT INTO `system_permission`(`object_id`, `is_deleted`, `revision`, `created_by`, `created_time`, `updated_by`, `updated_time`, `name`, `description`) VALUES ('48', '0', NULL, NULL, NULL, NULL, NULL, NULL, NULL);
INSERT INTO `system_permission`(`object_id`, `is_deleted`, `revision`, `created_by`, `created_time`, `updated_by`, `updated_time`, `name`, `description`) VALUES ('49', '0', NULL, NULL, NULL, NULL, NULL, NULL, NULL);
INSERT INTO `system_permission`(`object_id`, `is_deleted`, `revision`, `created_by`, `created_time`, `updated_by`, `updated_time`, `name`, `description`) VALUES ('50', '0', NULL, NULL, NULL, NULL, NULL, NULL, NULL);

INSERT INTO `system_role`(`object_id`, `is_deleted`, `revision`, `created_by`, `created_time`, `updated_by`, `updated_time`, `name`) VALUES ('1', '0', NULL, NULL, NULL, NULL, NULL, '管理员');
INSERT INTO `system_role`(`object_id`, `is_deleted`, `revision`, `created_by`, `created_time`, `updated_by`, `updated_time`, `name`) VALUES ('2', '0', NULL, NULL, NULL, NULL, NULL, '游客');
INSERT INTO `system_role`(`object_id`, `is_deleted`, `revision`, `created_by`, `created_time`, `updated_by`, `updated_time`, `name`) VALUES ('3', '0', NULL, NULL, NULL, NULL, NULL, '普通用户');
INSERT INTO `system_role`(`object_id`, `is_deleted`, `revision`, `created_by`, `created_time`, `updated_by`, `updated_time`, `name`) VALUES ('4', '0', NULL, NULL, NULL, NULL, NULL, '会员');
INSERT INTO `system_role`(`object_id`, `is_deleted`, `revision`, `created_by`, `created_time`, `updated_by`, `updated_time`, `name`) VALUES ('5', '0', NULL, NULL, NULL, NULL, NULL, '商家');
INSERT INTO `system_role`(`object_id`, `is_deleted`, `revision`, `created_by`, `created_time`, `updated_by`, `updated_time`, `name`) VALUES ('6', '0', NULL, NULL, NULL, NULL, NULL, '认证商家');

INSERT INTO `system_role_menus`(`object_id`, `is_deleted`, `revision`, `created_by`, `created_time`, `updated_by`, `updated_time`, `role_id`, `menu_id`) VALUES ('1769218020519096421', '0', NULL, NULL, NULL, NULL, NULL, '1', '1110');
INSERT INTO `system_role_menus`(`object_id`, `is_deleted`, `revision`, `created_by`, `created_time`, `updated_by`, `updated_time`, `role_id`, `menu_id`) VALUES ('1769218020519096422', '0', NULL, NULL, NULL, NULL, NULL, '1', '1210');
INSERT INTO `system_role_menus`(`object_id`, `is_deleted`, `revision`, `created_by`, `created_time`, `updated_by`, `updated_time`, `role_id`, `menu_id`) VALUES ('1769218020519096423', '0', NULL, NULL, NULL, NULL, NULL, '1', '1220');
INSERT INTO `system_role_menus`(`object_id`, `is_deleted`, `revision`, `created_by`, `created_time`, `updated_by`, `updated_time`, `role_id`, `menu_id`) VALUES ('1769218020519096424', '0', NULL, NULL, NULL, NULL, NULL, '1', '1310');
INSERT INTO `system_role_menus`(`object_id`, `is_deleted`, `revision`, `created_by`, `created_time`, `updated_by`, `updated_time`, `role_id`, `menu_id`) VALUES ('1769218020519096425', '0', NULL, NULL, NULL, NULL, NULL, '1', '1320');
INSERT INTO `system_role_menus`(`object_id`, `is_deleted`, `revision`, `created_by`, `created_time`, `updated_by`, `updated_time`, `role_id`, `menu_id`) VALUES ('1769218020519096426', '0', NULL, NULL, NULL, NULL, NULL, '1', '1410');
INSERT INTO `system_role_menus`(`object_id`, `is_deleted`, `revision`, `created_by`, `created_time`, `updated_by`, `updated_time`, `role_id`, `menu_id`) VALUES ('1769218020519096427', '0', NULL, NULL, NULL, NULL, NULL, '1', '1420');
INSERT INTO `system_role_menus`(`object_id`, `is_deleted`, `revision`, `created_by`, `created_time`, `updated_by`, `updated_time`, `role_id`, `menu_id`) VALUES ('1769218020519096428', '0', NULL, NULL, NULL, NULL, NULL, '1', '1510');
INSERT INTO `system_role_menus`(`object_id`, `is_deleted`, `revision`, `created_by`, `created_time`, `updated_by`, `updated_time`, `role_id`, `menu_id`) VALUES ('1769218020519096429', '0', NULL, NULL, NULL, NULL, NULL, '1', '1610');
INSERT INTO `system_role_menus`(`object_id`, `is_deleted`, `revision`, `created_by`, `created_time`, `updated_by`, `updated_time`, `role_id`, `menu_id`) VALUES ('1769218020519096430', '0', NULL, NULL, NULL, NULL, NULL, '1', '1710');
INSERT INTO `system_role_menus`(`object_id`, `is_deleted`, `revision`, `created_by`, `created_time`, `updated_by`, `updated_time`, `role_id`, `menu_id`) VALUES ('1769218020519096431', '0', NULL, NULL, NULL, NULL, NULL, '1', '2100');
INSERT INTO `system_role_menus`(`object_id`, `is_deleted`, `revision`, `created_by`, `created_time`, `updated_by`, `updated_time`, `role_id`, `menu_id`) VALUES ('1769218020519096432', '0', NULL, NULL, NULL, NULL, NULL, '1', '2200');
INSERT INTO `system_role_menus`(`object_id`, `is_deleted`, `revision`, `created_by`, `created_time`, `updated_by`, `updated_time`, `role_id`, `menu_id`) VALUES ('1769218020519096433', '0', NULL, NULL, NULL, NULL, NULL, '1', '1');
INSERT INTO `system_role_menus`(`object_id`, `is_deleted`, `revision`, `created_by`, `created_time`, `updated_by`, `updated_time`, `role_id`, `menu_id`) VALUES ('1769218020519096434', '0', NULL, NULL, NULL, NULL, NULL, '1', '1000');
INSERT INTO `system_role_menus`(`object_id`, `is_deleted`, `revision`, `created_by`, `created_time`, `updated_by`, `updated_time`, `role_id`, `menu_id`) VALUES ('1769218020519096435', '0', NULL, NULL, NULL, NULL, NULL, '1', '2000');
INSERT INTO `system_role_menus`(`object_id`, `is_deleted`, `revision`, `created_by`, `created_time`, `updated_by`, `updated_time`, `role_id`, `menu_id`) VALUES ('1769218020519096436', '0', NULL, NULL, NULL, NULL, NULL, '2', '1');
INSERT INTO `system_role_menus`(`object_id`, `is_deleted`, `revision`, `created_by`, `created_time`, `updated_by`, `updated_time`, `role_id`, `menu_id`) VALUES ('1769218020519096437', '0', NULL, NULL, NULL, NULL, NULL, '2', '2000');
INSERT INTO `system_role_menus`(`object_id`, `is_deleted`, `revision`, `created_by`, `created_time`, `updated_by`, `updated_time`, `role_id`, `menu_id`) VALUES ('1769218020519096438', '0', NULL, NULL, NULL, NULL, NULL, '2', '2100');
INSERT INTO `system_role_menus`(`object_id`, `is_deleted`, `revision`, `created_by`, `created_time`, `updated_by`, `updated_time`, `role_id`, `menu_id`) VALUES ('1769218020519096439', '0', NULL, NULL, NULL, NULL, NULL, '3', '1');
INSERT INTO `system_role_menus`(`object_id`, `is_deleted`, `revision`, `created_by`, `created_time`, `updated_by`, `updated_time`, `role_id`, `menu_id`) VALUES ('1769218020519096440', '0', NULL, NULL, NULL, NULL, NULL, '3', '2000');
INSERT INTO `system_role_menus`(`object_id`, `is_deleted`, `revision`, `created_by`, `created_time`, `updated_by`, `updated_time`, `role_id`, `menu_id`) VALUES ('1769218020519096441', '0', NULL, NULL, NULL, NULL, NULL, '3', '2100');
INSERT INTO `system_role_menus`(`object_id`, `is_deleted`, `revision`, `created_by`, `created_time`, `updated_by`, `updated_time`, `role_id`, `menu_id`) VALUES ('1769218020519096442', '0', NULL, NULL, NULL, NULL, NULL, '3', '2200');
INSERT INTO `system_role_menus`(`object_id`, `is_deleted`, `revision`, `created_by`, `created_time`, `updated_by`, `updated_time`, `role_id`, `menu_id`) VALUES ('1769218020519096443', '0', NULL, NULL, NULL, NULL, NULL, '4', '1');
INSERT INTO `system_role_menus`(`object_id`, `is_deleted`, `revision`, `created_by`, `created_time`, `updated_by`, `updated_time`, `role_id`, `menu_id`) VALUES ('1769218020519096444', '0', NULL, NULL, NULL, NULL, NULL, '4', '2000');
INSERT INTO `system_role_menus`(`object_id`, `is_deleted`, `revision`, `created_by`, `created_time`, `updated_by`, `updated_time`, `role_id`, `menu_id`) VALUES ('1769218020519096445', '0', NULL, NULL, NULL, NULL, NULL, '4', '2100');
INSERT INTO `system_role_menus`(`object_id`, `is_deleted`, `revision`, `created_by`, `created_time`, `updated_by`, `updated_time`, `role_id`, `menu_id`) VALUES ('1769218020519096446', '0', NULL, NULL, NULL, NULL, NULL, '4', '2200');
INSERT INTO `system_role_menus`(`object_id`, `is_deleted`, `revision`, `created_by`, `created_time`, `updated_by`, `updated_time`, `role_id`, `menu_id`) VALUES ('1769218020519096447', '0', NULL, NULL, NULL, NULL, NULL, '5', '1');
INSERT INTO `system_role_menus`(`object_id`, `is_deleted`, `revision`, `created_by`, `created_time`, `updated_by`, `updated_time`, `role_id`, `menu_id`) VALUES ('1769218020519096448', '0', NULL, NULL, NULL, NULL, NULL, '5', '1000');
INSERT INTO `system_role_menus`(`object_id`, `is_deleted`, `revision`, `created_by`, `created_time`, `updated_by`, `updated_time`, `role_id`, `menu_id`) VALUES ('1769218020519096449', '0', NULL, NULL, NULL, NULL, NULL, '5', '1600');
INSERT INTO `system_role_menus`(`object_id`, `is_deleted`, `revision`, `created_by`, `created_time`, `updated_by`, `updated_time`, `role_id`, `menu_id`) VALUES ('1769218020519096450', '0', NULL, NULL, NULL, NULL, NULL, '5', '1610');
INSERT INTO `system_role_menus`(`object_id`, `is_deleted`, `revision`, `created_by`, `created_time`, `updated_by`, `updated_time`, `role_id`, `menu_id`) VALUES ('1769218020519096451', '0', NULL, NULL, NULL, NULL, NULL, '5', '1700');
INSERT INTO `system_role_menus`(`object_id`, `is_deleted`, `revision`, `created_by`, `created_time`, `updated_by`, `updated_time`, `role_id`, `menu_id`) VALUES ('1769218020519096452', '0', NULL, NULL, NULL, NULL, NULL, '5', '1710');
INSERT INTO `system_role_menus`(`object_id`, `is_deleted`, `revision`, `created_by`, `created_time`, `updated_by`, `updated_time`, `role_id`, `menu_id`) VALUES ('1769218020519096453', '0', NULL, NULL, NULL, NULL, NULL, '5', '2000');
INSERT INTO `system_role_menus`(`object_id`, `is_deleted`, `revision`, `created_by`, `created_time`, `updated_by`, `updated_time`, `role_id`, `menu_id`) VALUES ('1769218020519096454', '0', NULL, NULL, NULL, NULL, NULL, '5', '2100');
INSERT INTO `system_role_menus`(`object_id`, `is_deleted`, `revision`, `created_by`, `created_time`, `updated_by`, `updated_time`, `role_id`, `menu_id`) VALUES ('1769218020519096455', '0', NULL, NULL, NULL, NULL, NULL, '5', '2200');
INSERT INTO `system_role_menus`(`object_id`, `is_deleted`, `revision`, `created_by`, `created_time`, `updated_by`, `updated_time`, `role_id`, `menu_id`) VALUES ('1769218020519096456', '0', NULL, NULL, NULL, NULL, NULL, '6', '1');
INSERT INTO `system_role_menus`(`object_id`, `is_deleted`, `revision`, `created_by`, `created_time`, `updated_by`, `updated_time`, `role_id`, `menu_id`) VALUES ('1769218020519096457', '0', NULL, NULL, NULL, NULL, NULL, '6', '1000');
INSERT INTO `system_role_menus`(`object_id`, `is_deleted`, `revision`, `created_by`, `created_time`, `updated_by`, `updated_time`, `role_id`, `menu_id`) VALUES ('1769218020519096458', '0', NULL, NULL, NULL, NULL, NULL, '6', '1600');
INSERT INTO `system_role_menus`(`object_id`, `is_deleted`, `revision`, `created_by`, `created_time`, `updated_by`, `updated_time`, `role_id`, `menu_id`) VALUES ('1769218020519096459', '0', NULL, NULL, NULL, NULL, NULL, '6', '1610');
INSERT INTO `system_role_menus`(`object_id`, `is_deleted`, `revision`, `created_by`, `created_time`, `updated_by`, `updated_time`, `role_id`, `menu_id`) VALUES ('1769218020519096460', '0', NULL, NULL, NULL, NULL, NULL, '6', '1700');
INSERT INTO `system_role_menus`(`object_id`, `is_deleted`, `revision`, `created_by`, `created_time`, `updated_by`, `updated_time`, `role_id`, `menu_id`) VALUES ('1769218020519096461', '0', NULL, NULL, NULL, NULL, NULL, '6', '1710');
INSERT INTO `system_role_menus`(`object_id`, `is_deleted`, `revision`, `created_by`, `created_time`, `updated_by`, `updated_time`, `role_id`, `menu_id`) VALUES ('1769218020519096462', '0', NULL, NULL, NULL, NULL, NULL, '6', '2000');
INSERT INTO `system_role_menus`(`object_id`, `is_deleted`, `revision`, `created_by`, `created_time`, `updated_by`, `updated_time`, `role_id`, `menu_id`) VALUES ('1769218020519096463', '0', NULL, NULL, NULL, NULL, NULL, '6', '2100');
INSERT INTO `system_role_menus`(`object_id`, `is_deleted`, `revision`, `created_by`, `created_time`, `updated_by`, `updated_time`, `role_id`, `menu_id`) VALUES ('1769218020519096464', '0', NULL, NULL, NULL, NULL, NULL, '6', '2200');
INSERT INTO `system_role_menus`(`object_id`, `is_deleted`, `revision`, `created_by`, `created_time`, `updated_by`, `updated_time`, `role_id`, `menu_id`) VALUES ('1769218020519096465', '0', NULL, NULL, NULL, NULL, NULL, '1', '1810');

INSERT INTO `system_role_permissions`(`object_id`, `is_deleted`, `revision`, `created_by`, `created_time`, `updated_by`, `updated_time`, `role_id`, `permission_id`) VALUES ('01', '0', NULL, NULL, NULL, NULL, NULL, '1', '01');
INSERT INTO `system_role_permissions`(`object_id`, `is_deleted`, `revision`, `created_by`, `created_time`, `updated_by`, `updated_time`, `role_id`, `permission_id`) VALUES ('02', '0', NULL, NULL, NULL, NULL, NULL, '1', '02');
INSERT INTO `system_role_permissions`(`object_id`, `is_deleted`, `revision`, `created_by`, `created_time`, `updated_by`, `updated_time`, `role_id`, `permission_id`) VALUES ('03', '0', NULL, NULL, NULL, NULL, NULL, '1', '03');
INSERT INTO `system_role_permissions`(`object_id`, `is_deleted`, `revision`, `created_by`, `created_time`, `updated_by`, `updated_time`, `role_id`, `permission_id`) VALUES ('04', '0', NULL, NULL, NULL, NULL, NULL, '1', '04');
INSERT INTO `system_role_permissions`(`object_id`, `is_deleted`, `revision`, `created_by`, `created_time`, `updated_by`, `updated_time`, `role_id`, `permission_id`) VALUES ('05', '0', NULL, NULL, NULL, NULL, NULL, '1', '05');
INSERT INTO `system_role_permissions`(`object_id`, `is_deleted`, `revision`, `created_by`, `created_time`, `updated_by`, `updated_time`, `role_id`, `permission_id`) VALUES ('06', '0', NULL, NULL, NULL, NULL, NULL, '1', '06');
INSERT INTO `system_role_permissions`(`object_id`, `is_deleted`, `revision`, `created_by`, `created_time`, `updated_by`, `updated_time`, `role_id`, `permission_id`) VALUES ('07', '0', NULL, NULL, NULL, NULL, NULL, '1', '07');
INSERT INTO `system_role_permissions`(`object_id`, `is_deleted`, `revision`, `created_by`, `created_time`, `updated_by`, `updated_time`, `role_id`, `permission_id`) VALUES ('08', '0', NULL, NULL, NULL, NULL, NULL, '1', '08');
INSERT INTO `system_role_permissions`(`object_id`, `is_deleted`, `revision`, `created_by`, `created_time`, `updated_by`, `updated_time`, `role_id`, `permission_id`) VALUES ('09', '0', NULL, NULL, NULL, NULL, NULL, '1', '09');
INSERT INTO `system_role_permissions`(`object_id`, `is_deleted`, `revision`, `created_by`, `created_time`, `updated_by`, `updated_time`, `role_id`, `permission_id`) VALUES ('10', '0', NULL, NULL, NULL, NULL, NULL, '1', '10');
INSERT INTO `system_role_permissions`(`object_id`, `is_deleted`, `revision`, `created_by`, `created_time`, `updated_by`, `updated_time`, `role_id`, `permission_id`) VALUES ('11', '0', NULL, NULL, NULL, NULL, NULL, '1', '11');
INSERT INTO `system_role_permissions`(`object_id`, `is_deleted`, `revision`, `created_by`, `created_time`, `updated_by`, `updated_time`, `role_id`, `permission_id`) VALUES ('12', '0', NULL, NULL, NULL, NULL, NULL, '1', '12');
INSERT INTO `system_role_permissions`(`object_id`, `is_deleted`, `revision`, `created_by`, `created_time`, `updated_by`, `updated_time`, `role_id`, `permission_id`) VALUES ('13', '0', NULL, NULL, NULL, NULL, NULL, '1', '13');
INSERT INTO `system_role_permissions`(`object_id`, `is_deleted`, `revision`, `created_by`, `created_time`, `updated_by`, `updated_time`, `role_id`, `permission_id`) VALUES ('14', '0', NULL, NULL, NULL, NULL, NULL, '1', '14');
INSERT INTO `system_role_permissions`(`object_id`, `is_deleted`, `revision`, `created_by`, `created_time`, `updated_by`, `updated_time`, `role_id`, `permission_id`) VALUES ('15', '0', NULL, NULL, NULL, NULL, NULL, '1', '15');
INSERT INTO `system_role_permissions`(`object_id`, `is_deleted`, `revision`, `created_by`, `created_time`, `updated_by`, `updated_time`, `role_id`, `permission_id`) VALUES ('16', '0', NULL, NULL, NULL, NULL, NULL, '1', '16');
INSERT INTO `system_role_permissions`(`object_id`, `is_deleted`, `revision`, `created_by`, `created_time`, `updated_by`, `updated_time`, `role_id`, `permission_id`) VALUES ('17', '0', NULL, NULL, NULL, NULL, NULL, '1', '17');
INSERT INTO `system_role_permissions`(`object_id`, `is_deleted`, `revision`, `created_by`, `created_time`, `updated_by`, `updated_time`, `role_id`, `permission_id`) VALUES ('1769218020519096321', '0', NULL, NULL, NULL, NULL, NULL, '1', '18');
INSERT INTO `system_role_permissions`(`object_id`, `is_deleted`, `revision`, `created_by`, `created_time`, `updated_by`, `updated_time`, `role_id`, `permission_id`) VALUES ('1769218020519096322', '0', NULL, NULL, NULL, NULL, NULL, '1', '19');
INSERT INTO `system_role_permissions`(`object_id`, `is_deleted`, `revision`, `created_by`, `created_time`, `updated_by`, `updated_time`, `role_id`, `permission_id`) VALUES ('1769218020519096323', '0', NULL, NULL, NULL, NULL, NULL, '1', '20');
INSERT INTO `system_role_permissions`(`object_id`, `is_deleted`, `revision`, `created_by`, `created_time`, `updated_by`, `updated_time`, `role_id`, `permission_id`) VALUES ('1769218020519096324', '0', NULL, NULL, NULL, NULL, NULL, '1', '21');
INSERT INTO `system_role_permissions`(`object_id`, `is_deleted`, `revision`, `created_by`, `created_time`, `updated_by`, `updated_time`, `role_id`, `permission_id`) VALUES ('1769218020519096325', '0', NULL, NULL, NULL, NULL, NULL, '1', '22');
INSERT INTO `system_role_permissions`(`object_id`, `is_deleted`, `revision`, `created_by`, `created_time`, `updated_by`, `updated_time`, `role_id`, `permission_id`) VALUES ('1769218020519096326', '0', NULL, NULL, NULL, NULL, NULL, '1', '23');
INSERT INTO `system_role_permissions`(`object_id`, `is_deleted`, `revision`, `created_by`, `created_time`, `updated_by`, `updated_time`, `role_id`, `permission_id`) VALUES ('18', '0', NULL, NULL, NULL, NULL, NULL, '1', '24');
INSERT INTO `system_role_permissions`(`object_id`, `is_deleted`, `revision`, `created_by`, `created_time`, `updated_by`, `updated_time`, `role_id`, `permission_id`) VALUES ('19', '0', NULL, NULL, NULL, NULL, NULL, '1', '25');
INSERT INTO `system_role_permissions`(`object_id`, `is_deleted`, `revision`, `created_by`, `created_time`, `updated_by`, `updated_time`, `role_id`, `permission_id`) VALUES ('20', '0', NULL, NULL, NULL, NULL, NULL, '1', '26');
INSERT INTO `system_role_permissions`(`object_id`, `is_deleted`, `revision`, `created_by`, `created_time`, `updated_by`, `updated_time`, `role_id`, `permission_id`) VALUES ('21', '0', NULL, NULL, NULL, NULL, NULL, '1', '27');
INSERT INTO `system_role_permissions`(`object_id`, `is_deleted`, `revision`, `created_by`, `created_time`, `updated_by`, `updated_time`, `role_id`, `permission_id`) VALUES ('22', '0', NULL, NULL, NULL, NULL, NULL, '1', '28');
INSERT INTO `system_role_permissions`(`object_id`, `is_deleted`, `revision`, `created_by`, `created_time`, `updated_by`, `updated_time`, `role_id`, `permission_id`) VALUES ('23', '0', NULL, NULL, NULL, NULL, NULL, '1', '29');
INSERT INTO `system_role_permissions`(`object_id`, `is_deleted`, `revision`, `created_by`, `created_time`, `updated_by`, `updated_time`, `role_id`, `permission_id`) VALUES ('24', '0', NULL, NULL, NULL, NULL, NULL, '1', '30');
INSERT INTO `system_role_permissions`(`object_id`, `is_deleted`, `revision`, `created_by`, `created_time`, `updated_by`, `updated_time`, `role_id`, `permission_id`) VALUES ('25', '0', NULL, NULL, NULL, NULL, NULL, '1', '31');
INSERT INTO `system_role_permissions`(`object_id`, `is_deleted`, `revision`, `created_by`, `created_time`, `updated_by`, `updated_time`, `role_id`, `permission_id`) VALUES ('26', '0', NULL, NULL, NULL, NULL, NULL, '1', '32');
INSERT INTO `system_role_permissions`(`object_id`, `is_deleted`, `revision`, `created_by`, `created_time`, `updated_by`, `updated_time`, `role_id`, `permission_id`) VALUES ('27', '0', NULL, NULL, NULL, NULL, NULL, '3', '32');
INSERT INTO `system_role_permissions`(`object_id`, `is_deleted`, `revision`, `created_by`, `created_time`, `updated_by`, `updated_time`, `role_id`, `permission_id`) VALUES ('28', '0', NULL, NULL, NULL, NULL, NULL, '4', '32');
INSERT INTO `system_role_permissions`(`object_id`, `is_deleted`, `revision`, `created_by`, `created_time`, `updated_by`, `updated_time`, `role_id`, `permission_id`) VALUES ('29', '0', NULL, NULL, NULL, NULL, NULL, '5', '25');
INSERT INTO `system_role_permissions`(`object_id`, `is_deleted`, `revision`, `created_by`, `created_time`, `updated_by`, `updated_time`, `role_id`, `permission_id`) VALUES ('30', '0', NULL, NULL, NULL, NULL, NULL, '5', '26');
INSERT INTO `system_role_permissions`(`object_id`, `is_deleted`, `revision`, `created_by`, `created_time`, `updated_by`, `updated_time`, `role_id`, `permission_id`) VALUES ('31', '0', NULL, NULL, NULL, NULL, NULL, '5', '27');
INSERT INTO `system_role_permissions`(`object_id`, `is_deleted`, `revision`, `created_by`, `created_time`, `updated_by`, `updated_time`, `role_id`, `permission_id`) VALUES ('32', '0', NULL, NULL, NULL, NULL, NULL, '5', '28');
INSERT INTO `system_role_permissions`(`object_id`, `is_deleted`, `revision`, `created_by`, `created_time`, `updated_by`, `updated_time`, `role_id`, `permission_id`) VALUES ('33', '0', NULL, NULL, NULL, NULL, NULL, '5', '30');
INSERT INTO `system_role_permissions`(`object_id`, `is_deleted`, `revision`, `created_by`, `created_time`, `updated_by`, `updated_time`, `role_id`, `permission_id`) VALUES ('34', '0', NULL, NULL, NULL, NULL, NULL, '5', '31');
INSERT INTO `system_role_permissions`(`object_id`, `is_deleted`, `revision`, `created_by`, `created_time`, `updated_by`, `updated_time`, `role_id`, `permission_id`) VALUES ('35', '0', NULL, NULL, NULL, NULL, NULL, '5', '32');
INSERT INTO `system_role_permissions`(`object_id`, `is_deleted`, `revision`, `created_by`, `created_time`, `updated_by`, `updated_time`, `role_id`, `permission_id`) VALUES ('36', '0', NULL, NULL, NULL, NULL, NULL, '6', '25');
INSERT INTO `system_role_permissions`(`object_id`, `is_deleted`, `revision`, `created_by`, `created_time`, `updated_by`, `updated_time`, `role_id`, `permission_id`) VALUES ('37', '0', NULL, NULL, NULL, NULL, NULL, '6', '26');
INSERT INTO `system_role_permissions`(`object_id`, `is_deleted`, `revision`, `created_by`, `created_time`, `updated_by`, `updated_time`, `role_id`, `permission_id`) VALUES ('38', '0', NULL, NULL, NULL, NULL, NULL, '6', '27');
INSERT INTO `system_role_permissions`(`object_id`, `is_deleted`, `revision`, `created_by`, `created_time`, `updated_by`, `updated_time`, `role_id`, `permission_id`) VALUES ('39', '0', NULL, NULL, NULL, NULL, NULL, '6', '28');
INSERT INTO `system_role_permissions`(`object_id`, `is_deleted`, `revision`, `created_by`, `created_time`, `updated_by`, `updated_time`, `role_id`, `permission_id`) VALUES ('40', '0', NULL, NULL, NULL, NULL, NULL, '6', '30');
INSERT INTO `system_role_permissions`(`object_id`, `is_deleted`, `revision`, `created_by`, `created_time`, `updated_by`, `updated_time`, `role_id`, `permission_id`) VALUES ('41', '0', NULL, NULL, NULL, NULL, NULL, '6', '31');
INSERT INTO `system_role_permissions`(`object_id`, `is_deleted`, `revision`, `created_by`, `created_time`, `updated_by`, `updated_time`, `role_id`, `permission_id`) VALUES ('42', '0', NULL, NULL, NULL, NULL, NULL, '6', '32');
INSERT INTO `system_role_permissions`(`object_id`, `is_deleted`, `revision`, `created_by`, `created_time`, `updated_by`, `updated_time`, `role_id`, `permission_id`) VALUES ('43', '0', NULL, NULL, NULL, NULL, NULL, '1', '33');
INSERT INTO `system_role_permissions`(`object_id`, `is_deleted`, `revision`, `created_by`, `created_time`, `updated_by`, `updated_time`, `role_id`, `permission_id`) VALUES ('44', '0', NULL, NULL, NULL, NULL, NULL, '1', '34');
INSERT INTO `system_role_permissions`(`object_id`, `is_deleted`, `revision`, `created_by`, `created_time`, `updated_by`, `updated_time`, `role_id`, `permission_id`) VALUES ('45', '0', NULL, NULL, NULL, NULL, NULL, '1', '35');
INSERT INTO `system_role_permissions`(`object_id`, `is_deleted`, `revision`, `created_by`, `created_time`, `updated_by`, `updated_time`, `role_id`, `permission_id`) VALUES ('46', '0', NULL, NULL, NULL, NULL, NULL, '1', '36');
INSERT INTO `system_role_permissions`(`object_id`, `is_deleted`, `revision`, `created_by`, `created_time`, `updated_by`, `updated_time`, `role_id`, `permission_id`) VALUES ('47', '0', NULL, NULL, NULL, NULL, NULL, '1', '37');
INSERT INTO `system_role_permissions`(`object_id`, `is_deleted`, `revision`, `created_by`, `created_time`, `updated_by`, `updated_time`, `role_id`, `permission_id`) VALUES ('48', '0', NULL, NULL, NULL, NULL, NULL, '1', '38');
INSERT INTO `system_role_permissions`(`object_id`, `is_deleted`, `revision`, `created_by`, `created_time`, `updated_by`, `updated_time`, `role_id`, `permission_id`) VALUES ('49', '0', NULL, NULL, NULL, NULL, NULL, '1', '39');
INSERT INTO `system_role_permissions`(`object_id`, `is_deleted`, `revision`, `created_by`, `created_time`, `updated_by`, `updated_time`, `role_id`, `permission_id`) VALUES ('50', '0', NULL, NULL, NULL, NULL, NULL, '1', '40');
INSERT INTO `system_role_permissions`(`object_id`, `is_deleted`, `revision`, `created_by`, `created_time`, `updated_by`, `updated_time`, `role_id`, `permission_id`) VALUES ('51', '0', NULL, NULL, NULL, NULL, NULL, '1', '41');
INSERT INTO `system_role_permissions`(`object_id`, `is_deleted`, `revision`, `created_by`, `created_time`, `updated_by`, `updated_time`, `role_id`, `permission_id`) VALUES ('52', '0', NULL, NULL, NULL, NULL, NULL, '2', '34');
INSERT INTO `system_role_permissions`(`object_id`, `is_deleted`, `revision`, `created_by`, `created_time`, `updated_by`, `updated_time`, `role_id`, `permission_id`) VALUES ('53', '0', NULL, NULL, NULL, NULL, NULL, '3', '34');
INSERT INTO `system_role_permissions`(`object_id`, `is_deleted`, `revision`, `created_by`, `created_time`, `updated_by`, `updated_time`, `role_id`, `permission_id`) VALUES ('54', '0', NULL, NULL, NULL, NULL, NULL, '4', '34');
INSERT INTO `system_role_permissions`(`object_id`, `is_deleted`, `revision`, `created_by`, `created_time`, `updated_by`, `updated_time`, `role_id`, `permission_id`) VALUES ('55', '0', NULL, NULL, NULL, NULL, NULL, '5', '40');
INSERT INTO `system_role_permissions`(`object_id`, `is_deleted`, `revision`, `created_by`, `created_time`, `updated_by`, `updated_time`, `role_id`, `permission_id`) VALUES ('56', '0', NULL, NULL, NULL, NULL, NULL, '5', '41');
INSERT INTO `system_role_permissions`(`object_id`, `is_deleted`, `revision`, `created_by`, `created_time`, `updated_by`, `updated_time`, `role_id`, `permission_id`) VALUES ('57', '0', NULL, NULL, NULL, NULL, NULL, '6', '40');
INSERT INTO `system_role_permissions`(`object_id`, `is_deleted`, `revision`, `created_by`, `created_time`, `updated_by`, `updated_time`, `role_id`, `permission_id`) VALUES ('58', '0', NULL, NULL, NULL, NULL, NULL, '6', '41');
INSERT INTO `system_role_permissions`(`object_id`, `is_deleted`, `revision`, `created_by`, `created_time`, `updated_by`, `updated_time`, `role_id`, `permission_id`) VALUES ('59', '0', NULL, NULL, NULL, NULL, NULL, '1', '42');
INSERT INTO `system_role_permissions`(`object_id`, `is_deleted`, `revision`, `created_by`, `created_time`, `updated_by`, `updated_time`, `role_id`, `permission_id`) VALUES ('60', '0', NULL, NULL, NULL, NULL, NULL, '1', '43');
INSERT INTO `system_role_permissions`(`object_id`, `is_deleted`, `revision`, `created_by`, `created_time`, `updated_by`, `updated_time`, `role_id`, `permission_id`) VALUES ('61', '0', NULL, NULL, NULL, NULL, NULL, '1', '44');
INSERT INTO `system_role_permissions`(`object_id`, `is_deleted`, `revision`, `created_by`, `created_time`, `updated_by`, `updated_time`, `role_id`, `permission_id`) VALUES ('62', '0', NULL, NULL, NULL, NULL, NULL, '1', '45');
INSERT INTO `system_role_permissions`(`object_id`, `is_deleted`, `revision`, `created_by`, `created_time`, `updated_by`, `updated_time`, `role_id`, `permission_id`) VALUES ('63', '0', NULL, NULL, NULL, NULL, NULL, '1', '46');
INSERT INTO `system_role_permissions`(`object_id`, `is_deleted`, `revision`, `created_by`, `created_time`, `updated_by`, `updated_time`, `role_id`, `permission_id`) VALUES ('64', '0', NULL, NULL, NULL, NULL, NULL, NULL, NULL);
INSERT INTO `system_role_permissions`(`object_id`, `is_deleted`, `revision`, `created_by`, `created_time`, `updated_by`, `updated_time`, `role_id`, `permission_id`) VALUES ('65', '0', NULL, NULL, NULL, NULL, NULL, NULL, NULL);
INSERT INTO `system_role_permissions`(`object_id`, `is_deleted`, `revision`, `created_by`, `created_time`, `updated_by`, `updated_time`, `role_id`, `permission_id`) VALUES ('66', '0', NULL, NULL, NULL, NULL, NULL, NULL, NULL);
INSERT INTO `system_role_permissions`(`object_id`, `is_deleted`, `revision`, `created_by`, `created_time`, `updated_by`, `updated_time`, `role_id`, `permission_id`) VALUES ('67', '0', NULL, NULL, NULL, NULL, NULL, NULL, NULL);
INSERT INTO `system_role_permissions`(`object_id`, `is_deleted`, `revision`, `created_by`, `created_time`, `updated_by`, `updated_time`, `role_id`, `permission_id`) VALUES ('68', '0', NULL, NULL, NULL, NULL, NULL, NULL, NULL);
INSERT INTO `system_role_permissions`(`object_id`, `is_deleted`, `revision`, `created_by`, `created_time`, `updated_by`, `updated_time`, `role_id`, `permission_id`) VALUES ('69', '0', NULL, NULL, NULL, NULL, NULL, NULL, NULL);
INSERT INTO `system_role_permissions`(`object_id`, `is_deleted`, `revision`, `created_by`, `created_time`, `updated_by`, `updated_time`, `role_id`, `permission_id`) VALUES ('70', '0', NULL, NULL, NULL, NULL, NULL, NULL, NULL);
INSERT INTO `system_role_permissions`(`object_id`, `is_deleted`, `revision`, `created_by`, `created_time`, `updated_by`, `updated_time`, `role_id`, `permission_id`) VALUES ('71', '0', NULL, NULL, NULL, NULL, NULL, NULL, NULL);
INSERT INTO `system_role_permissions`(`object_id`, `is_deleted`, `revision`, `created_by`, `created_time`, `updated_by`, `updated_time`, `role_id`, `permission_id`) VALUES ('72', '0', NULL, NULL, NULL, NULL, NULL, NULL, NULL);
INSERT INTO `system_role_permissions`(`object_id`, `is_deleted`, `revision`, `created_by`, `created_time`, `updated_by`, `updated_time`, `role_id`, `permission_id`) VALUES ('73', '0', NULL, NULL, NULL, NULL, NULL, NULL, NULL);
INSERT INTO `system_role_permissions`(`object_id`, `is_deleted`, `revision`, `created_by`, `created_time`, `updated_by`, `updated_time`, `role_id`, `permission_id`) VALUES ('74', '0', NULL, NULL, NULL, NULL, NULL, NULL, NULL);
INSERT INTO `system_role_permissions`(`object_id`, `is_deleted`, `revision`, `created_by`, `created_time`, `updated_by`, `updated_time`, `role_id`, `permission_id`) VALUES ('75', '0', NULL, NULL, NULL, NULL, NULL, NULL, NULL);
INSERT INTO `system_role_permissions`(`object_id`, `is_deleted`, `revision`, `created_by`, `created_time`, `updated_by`, `updated_time`, `role_id`, `permission_id`) VALUES ('76', '0', NULL, NULL, NULL, NULL, NULL, NULL, NULL);
INSERT INTO `system_role_permissions`(`object_id`, `is_deleted`, `revision`, `created_by`, `created_time`, `updated_by`, `updated_time`, `role_id`, `permission_id`) VALUES ('77', '0', NULL, NULL, NULL, NULL, NULL, NULL, NULL);
INSERT INTO `system_role_permissions`(`object_id`, `is_deleted`, `revision`, `created_by`, `created_time`, `updated_by`, `updated_time`, `role_id`, `permission_id`) VALUES ('78', '0', NULL, NULL, NULL, NULL, NULL, NULL, NULL);
INSERT INTO `system_role_permissions`(`object_id`, `is_deleted`, `revision`, `created_by`, `created_time`, `updated_by`, `updated_time`, `role_id`, `permission_id`) VALUES ('79', '0', NULL, NULL, NULL, NULL, NULL, NULL, NULL);
INSERT INTO `system_role_permissions`(`object_id`, `is_deleted`, `revision`, `created_by`, `created_time`, `updated_by`, `updated_time`, `role_id`, `permission_id`) VALUES ('80', '0', NULL, NULL, NULL, NULL, NULL, NULL, NULL);

INSERT INTO `system_user`(`object_id`, `is_deleted`, `revision`, `created_by`, `created_time`, `updated_by`, `updated_time`, `username`, `password`, `telephone`, `email`, `location`) VALUES ('1769203000871657472', '0', 1, NULL, '2024-03-17 03:24:00', NULL, '2024-03-17 03:24:00', 'admin', '$2a$10$8AVhGZTQNOjLrwDioR4Xku73ZmsQT3ujn6bzVHacbQojTAknDAxfm', '12312312312', 'qwe@qwe.com', '地址123');
INSERT INTO `system_user`(`object_id`, `is_deleted`, `revision`, `created_by`, `created_time`, `updated_by`, `updated_time`, `username`, `password`, `telephone`, `email`, `location`) VALUES ('1769203138696486912', '0', 1, NULL, '2024-03-17 03:24:33', NULL, '2024-03-17 03:24:33', 'admin1', '$2a$10$a29i7rAEGitMO0IE5wuOFu6rj3uX5AkkJQv4hKdT5Raxbdk2hJECi', '12312312313', 'qwe1@qwe.com', '地址123');
INSERT INTO `system_user`(`object_id`, `is_deleted`, `revision`, `created_by`, `created_time`, `updated_by`, `updated_time`, `username`, `password`, `telephone`, `email`, `location`) VALUES ('1769214494124449792', '0', 1, NULL, '2024-03-17 04:09:41', NULL, '2024-03-17 04:09:41', 'admin2', '$2a$10$BmrScrlnmsdmic5nI.ka5uRw/fdS2YPdVAs97LbsgCeffFD/kBnOC', '12312312314', 'qwe2@qwe.com', '地址123');
INSERT INTO `system_user`(`object_id`, `is_deleted`, `revision`, `created_by`, `created_time`, `updated_by`, `updated_time`, `username`, `password`, `telephone`, `email`, `location`) VALUES ('1769784542417297408', '0', 1, NULL, '2024-03-18 17:54:51', NULL, '2024-03-18 17:54:51', 'guest', '$2a$10$yDRVxHskaJPXbXHU1Lx1Y.aa3Un/.JiFb0t2ffCnCYtrHSsQa1uTm', '12312312315', 'qwe3@qwe.com', '地址123');
INSERT INTO `system_user`(`object_id`, `is_deleted`, `revision`, `created_by`, `created_time`, `updated_by`, `updated_time`, `username`, `password`, `telephone`, `email`, `location`) VALUES ('1769784706422972416', '0', 1, NULL, '2024-03-18 17:55:30', NULL, '2024-03-18 17:55:30', 'account', '$2a$10$3iVclwcwCu2KKdbT1pXzKemvqbqFZnai/t9UbkQnU1NavZJfeyLe6', '12312312316', 'qwe4@qwe.com', '地址123');
INSERT INTO `system_user`(`object_id`, `is_deleted`, `revision`, `created_by`, `created_time`, `updated_by`, `updated_time`, `username`, `password`, `telephone`, `email`, `location`) VALUES ('1769784804397719552', '0', 1, NULL, '2024-03-18 17:55:53', NULL, '2024-03-18 17:55:53', 'vip', '$2a$10$ELQV9r8VZCiBH8s8Uxjd5u7EBFK8rCdpUPZFnCynGrfKD68QYXCda', '12312312317', 'qwe5@qwe.com', '地址123');
INSERT INTO `system_user`(`object_id`, `is_deleted`, `revision`, `created_by`, `created_time`, `updated_by`, `updated_time`, `username`, `password`, `telephone`, `email`, `location`) VALUES ('1769785167486033920', '0', 1, NULL, '2024-03-18 17:57:20', NULL, '2024-03-18 17:57:20', 'merchant', '$2a$10$IXCZm0.6grjEAOUU0JQKKupdIgko0e.RI49WvsLfMHopntFtlCj2K', '12312312318', 'qwe6@qwe.com', '地址123');
INSERT INTO `system_user`(`object_id`, `is_deleted`, `revision`, `created_by`, `created_time`, `updated_by`, `updated_time`, `username`, `password`, `telephone`, `email`, `location`) VALUES ('1769785342354956288', '0', 1, NULL, '2024-03-18 17:58:01', NULL, '2024-03-18 17:58:01', 'cmerchant', '$2a$10$5sMYkMJNjmM6gEKBJ1FhqepVfqcuiIB/UpQOKQ2FGOJLfVl345wkS', '12312312319', 'qwe7@qwe.com', '地址123');
INSERT INTO `system_user`(`object_id`, `is_deleted`, `revision`, `created_by`, `created_time`, `updated_by`, `updated_time`, `username`, `password`, `telephone`, `email`, `location`) VALUES ('1770431486105919488', '0', 1, NULL, '2024-03-20 12:45:34', NULL, '2024-03-20 12:45:34', 'te', '$2a$10$rf9EIU10nSY32TkWt1yeEeUgLPFOqMm9px6GHIxVfRFQZThbYKFk6', '12312312311', 'qweasd@qwe.com', '地址123');

INSERT INTO `system_user_roles`(`object_id`, `is_deleted`, `revision`, `created_by`, `created_time`, `updated_by`, `updated_time`, `user_id`, `role_id`) VALUES ('1769218020519096322', '0', NULL, NULL, NULL, NULL, NULL, '1769203000871657472', '1');
INSERT INTO `system_user_roles`(`object_id`, `is_deleted`, `revision`, `created_by`, `created_time`, `updated_by`, `updated_time`, `user_id`, `role_id`) VALUES ('1769218020519096323', '0', NULL, NULL, NULL, NULL, NULL, '1769784542417297408', '2');
INSERT INTO `system_user_roles`(`object_id`, `is_deleted`, `revision`, `created_by`, `created_time`, `updated_by`, `updated_time`, `user_id`, `role_id`) VALUES ('1769218020519096324', '0', NULL, NULL, NULL, NULL, NULL, '1769784706422972416', '3');
INSERT INTO `system_user_roles`(`object_id`, `is_deleted`, `revision`, `created_by`, `created_time`, `updated_by`, `updated_time`, `user_id`, `role_id`) VALUES ('1769218020519096325', '0', NULL, NULL, NULL, NULL, NULL, '1769784804397719552', '4');
INSERT INTO `system_user_roles`(`object_id`, `is_deleted`, `revision`, `created_by`, `created_time`, `updated_by`, `updated_time`, `user_id`, `role_id`) VALUES ('1769218020519096326', '0', NULL, NULL, NULL, NULL, NULL, '1769785167486033920', '5');
INSERT INTO `system_user_roles`(`object_id`, `is_deleted`, `revision`, `created_by`, `created_time`, `updated_by`, `updated_time`, `user_id`, `role_id`) VALUES ('1769218020519096327', '0', NULL, NULL, NULL, NULL, NULL, '1769785342354956288', '6');
